feature,category,count,rate
racecourse,京都,20034,0.1665710508592951
racecourse,東京,19377,0.16110847821206756
racecourse,中山,18699,0.15547130278616147
racecourse,阪神,12541,0.10427111654319755
racecourse,中京,11205,0.09316305405203162
racecourse,小倉,10374,0.08625377266718216
racecourse,新潟,10011,0.08323563892145369
racecourse,福島,8859,0.07365742934823277
racecourse,函館,4993,0.041513889235322975
racecourse,札幌,4180,0.03475426737505508
race_class_name,未勝利,27099,0.22531241425756404
race_class_name,１勝ｸﾗｽ,18991,0.15789911285159594
race_class_name,新馬,8150,0.0677625069633251
race_class_name,未勝利・牝,8016,0.06664837494699559
race_class_name,未勝利*,6937,0.05767711789013328
race_class_name,２勝ｸﾗｽ,5114,0.042519933817232465
race_class_name,１勝ｸﾗｽ・牝,4327,0.03597648682580463
race_class_name,１勝ｸﾗｽ*,3027,0.02516774338380185
race_class_name,障害未勝利,2291,0.019048331712021818
race_class_name,未勝利・牝*,1159,0.009636410499447091
race_class_name,新馬・牝,925,0.007690836679886591
race_class_name,２勝ｸﾗｽ・牝,674,0.005603917753776825
race_class_name,障害・オープ,665,0.005529087991486036
race_class_name,１勝ｸﾗｽ・若,663,0.005512459155421416
race_class_name,未勝利・若,497,0.004132265762057985
race_class_name,１勝ｸﾗｽ・牝*,231,0.0019206305654635703
race_class_name,新馬・九,79,0.0006568390245524765
race_class_name,クイーンG3,71,0.0005903236802939978
race_class_name,西日本新･2勝,54,0.00044897857374473076
race_class_name,ＮＨＫマG1,54,0.00044897857374473076
race_class_name,優駿牝馬G1,54,0.00044897857374473076
race_class_name,巌流島Ｈ･3勝,54,0.00044897857374473076
race_class_name,阪急杯G3,54,0.00044897857374473076
race_class_name,桜花賞G1,54,0.00044897857374473076
race_class_name,高松宮記G1,54,0.00044897857374473076
race_class_name,東京優駿G1,53,0.0004406641557124209
race_class_name,下関Ｓ･3勝,53,0.0004406641557124209
race_class_name,エプソムG3,53,0.0004406641557124209
race_class_name,安田記念G1,53,0.0004406641557124209
race_class_name,皐月賞G1,53,0.0004406641557124209
race_class_name,シルクロＨG3,52,0.00043234973768011106
race_class_name,京都金杯ＨG3,52,0.00043234973768011106
race_class_name,ファルコG3,52,0.00043234973768011106
race_class_name,北九州短,51,0.00042403531964780124
race_class_name,安土城Ｈ(L),51,0.00042403531964780124
race_class_name,耶馬渓特･2勝,51,0.00042403531964780124
race_class_name,淀短距離(L),51,0.00042403531964780124
race_class_name,未勝利・九*,50,0.0004157209016154914
race_class_name,ヴィクトG1,50,0.0004157209016154914
race_class_name,大濠特Ｈ･2勝,50,0.0004157209016154914
race_class_name,フィリーG2,50,0.0004157209016154914
race_class_name,葵ＳG3,50,0.0004157209016154914
race_class_name,北九州記ＨG3,49,0.0004074064835831816
race_class_name,湘南ＳＨ･3勝,49,0.0004074064835831816
race_class_name,中山金杯ＨG3,49,0.0004074064835831816
race_class_name,八幡特別･1勝,49,0.0004074064835831816
race_class_name,シンザンG3,49,0.0004074064835831816
race_class_name,桃山ＳＨ･3勝,48,0.0003990920655508718
race_class_name,大日岳特･2勝,48,0.0003990920655508718
race_class_name,平尾台特･2勝,48,0.0003990920655508718
race_class_name,松前特別･2勝,48,0.0003990920655508718
race_class_name,成田特別･2勝,48,0.0003990920655508718
race_class_name,夏至Ｓ･3勝,48,0.0003990920655508718
race_class_name,平安ＳG3,48,0.0003990920655508718
race_class_name,栗東ＳＨ(L),48,0.0003990920655508718
race_class_name,春風ＳＨ･3勝,48,0.0003990920655508718
race_class_name,仁川ＳＨ(L),48,0.0003990920655508718
race_class_name,韋駄天ＳＨ,48,0.0003990920655508718
race_class_name,欅Ｓ,48,0.0003990920655508718
race_class_name,千葉ＳＨ,48,0.0003990920655508718
race_class_name,ブラッド･3勝,48,0.0003990920655508718
race_class_name,鈴鹿特別･2勝,48,0.0003990920655508718
race_class_name,雪うさぎ･1勝,48,0.0003990920655508718
race_class_name,平城京Ｓ,48,0.0003990920655508718
race_class_name,フェブラG1,48,0.0003990920655508718
race_class_name,渡月橋Ｓ･3勝,48,0.0003990920655508718
race_class_name,駿風Ｓ･3勝,48,0.0003990920655508718
race_class_name,ブリリＨ(L),48,0.0003990920655508718
race_class_name,東京新聞G3,48,0.0003990920655508718
race_class_name,飛竜特別･1勝,48,0.0003990920655508718
race_class_name,雲雀Ｓ･3勝,48,0.0003990920655508718
race_class_name,すばるＳ(L),47,0.00039077764751856197
race_class_name,姫路Ｓ･3勝,47,0.00039077764751856197
race_class_name,門司Ｓ,47,0.00039077764751856197
race_class_name,天保山Ｓ,47,0.00039077764751856197
race_class_name,青葉賞G2,47,0.00039077764751856197
race_class_name,是政Ｓ･3勝,47,0.00039077764751856197
race_class_name,美浦Ｓ･3勝,47,0.00039077764751856197
race_class_name,アクアＨ･3勝,47,0.00039077764751856197
race_class_name,伊良湖特･2勝,47,0.00039077764751856197
race_class_name,早鞆特Ｈ･2勝,47,0.00039077764751856197
race_class_name,オーシャG3,47,0.00039077764751856197
race_class_name,なにわＳ･3勝,47,0.00039077764751856197
race_class_name,新潟大賞ＨG3,47,0.00039077764751856197
race_class_name,根岸ＳG3,47,0.00039077764751856197
race_class_name,ストーＨ･3勝,47,0.00039077764751856197
race_class_name,アハルテ,47,0.00039077764751856197
race_class_name,豊前ＳＨ･3勝,47,0.00039077764751856197
race_class_name,宝塚記念G1,47,0.00039077764751856197
race_class_name,弥彦Ｓ･3勝,47,0.00039077764751856197
race_class_name,上賀茂Ｓ･3勝,47,0.00039077764751856197
race_class_name,ＢＳイレ･3勝,47,0.00039077764751856197
race_class_name,ポルック,47,0.00039077764751856197
race_class_name,洛陽ＳＨ(L),47,0.00039077764751856197
race_class_name,大阪杯G1,46,0.0003824632294862521
race_class_name,天皇賞春G1,46,0.0003824632294862521
race_class_name,千葉日報･2勝,46,0.0003824632294862521
race_class_name,中山記念G2,46,0.0003824632294862521
race_class_name,三峰山特･2勝,46,0.0003824632294862521
race_class_name,多摩川Ｓ･3勝,46,0.0003824632294862521
race_class_name,大島特別･2勝,46,0.0003824632294862521
race_class_name,鎌倉Ｓ･3勝,46,0.0003824632294862521
race_class_name,総武Ｓ,46,0.0003824632294862521
race_class_name,春雷ＳＨ(L),46,0.0003824632294862521
race_class_name,中山牝馬ＨG3,46,0.0003824632294862521
race_class_name,初富士Ｈ･3勝,46,0.0003824632294862521
race_class_name,七夕賞ＨG3,46,0.0003824632294862521
race_class_name,アメリカG2,46,0.0003824632294862521
race_class_name,ＴＶｈ杯･3勝,46,0.0003824632294862521
race_class_name,戸畑特別･1勝,46,0.0003824632294862521
race_class_name,ＵＨＢＨ･3勝,46,0.0003824632294862521
race_class_name,日野特別･2勝,46,0.0003824632294862521
race_class_name,函館日刊･2勝,46,0.0003824632294862521
race_class_name,ニューイ(L),46,0.0003824632294862521
race_class_name,フェアリG3,46,0.0003824632294862521
race_class_name,福島牝馬G3,45,0.00037414881145394227
race_class_name,チューリG2,45,0.00037414881145394227
race_class_name,伊勢ＳＨ･3勝,45,0.00037414881145394227
race_class_name,喜多方特･2勝,45,0.00037414881145394227
race_class_name,吾妻小富Ｈ,45,0.00037414881145394227
race_class_name,ニュージG2,45,0.00037414881145394227
race_class_name,京葉Ｓ(L),45,0.00037414881145394227
race_class_name,マイラーG2,45,0.00037414881145394227
race_class_name,石打特別･1勝,45,0.00037414881145394227
race_class_name,火打山特･2勝,45,0.00037414881145394227
race_class_name,京王杯スG2,45,0.00037414881145394227
race_class_name,テレビＨ･2勝,45,0.00037414881145394227
race_class_name,函館記念ＨG3,45,0.00037414881145394227
race_class_name,むらさＨ･3勝,45,0.00037414881145394227
race_class_name,小金井特･2勝,45,0.00037414881145394227
race_class_name,八王子特･2勝,44,0.00036583439342163245
race_class_name,三宮ＳＨ,44,0.00036583439342163245
race_class_name,サンラＨ･3勝,44,0.00036583439342163245
race_class_name,目黒記念ＨG2,44,0.00036583439342163245
race_class_name,フローラG2,44,0.00036583439342163245
race_class_name,わらび賞･1勝,44,0.00036583439342163245
race_class_name,アルデバ,44,0.00036583439342163245
race_class_name,門松Ｓ･3勝,44,0.00036583439342163245
race_class_name,フラワーG3,44,0.00036583439342163245
race_class_name,浄土平特･1勝,44,0.00036583439342163245
race_class_name,アンタレG3,44,0.00036583439342163245
race_class_name,関門橋Ｓ･3勝,44,0.00036583439342163245
race_class_name,ダービーＨG3,44,0.00036583439342163245
race_class_name,マーチＳＨG3,44,0.00036583439342163245
race_class_name,皿倉山特･2勝,44,0.00036583439342163245
race_class_name,越後Ｓ,44,0.00036583439342163245
race_class_name,奥の細道･2勝,44,0.00036583439342163245
race_class_name,葛飾特別･2勝,44,0.00036583439342163245
race_class_name,韓国馬事･3勝,43,0.00035751997538932263
race_class_name,初日の出･2勝,43,0.00035751997538932263
race_class_name,鎌ケ谷特･2勝,43,0.00035751997538932263
race_class_name,脊振山特･1勝,43,0.00035751997538932263
race_class_name,鳴門Ｓ･3勝,43,0.00035751997538932263
race_class_name,和布刈特･2勝,43,0.00035751997538932263
race_class_name,織姫賞･1勝,43,0.00035751997538932263
race_class_name,日経新春ＨG2,43,0.00035751997538932263
race_class_name,初茜賞･2勝,43,0.00035751997538932263
race_class_name,京成杯G3,43,0.00035751997538932263
race_class_name,ＳＴＶ杯･2勝,43,0.00035751997538932263
race_class_name,白河特別･2勝,43,0.00035751997538932263
race_class_name,センテＨ･3勝,43,0.00035751997538932263
race_class_name,三条Ｓ･3勝,43,0.00035751997538932263
race_class_name,ゆきつば･1勝,43,0.00035751997538932263
race_class_name,小倉大賞ＨG3,43,0.00035751997538932263
race_class_name,谷川岳Ｓ(L),43,0.00035751997538932263
race_class_name,函館スプG3,43,0.00035751997538932263
race_class_name,かささぎ･1勝,43,0.00035751997538932263
race_class_name,周防灘特･2勝,43,0.00035751997538932263
race_class_name,パラダＨ(L),43,0.00035751997538932263
race_class_name,はやぶさ･1勝,43,0.00035751997538932263
race_class_name,オースト･2勝,43,0.00035751997538932263
race_class_name,梅田Ｓ･3勝,42,0.0003492055573570128
race_class_name,花見山特･2勝,42,0.0003492055573570128
race_class_name,湾岸Ｓ･3勝,42,0.0003492055573570128
race_class_name,房総特別･2勝,42,0.0003492055573570128
race_class_name,有田特別･2勝,42,0.0003492055573570128
race_class_name,江の島Ｓ･3勝,42,0.0003492055573570128
race_class_name,巴賞,42,0.0003492055573570128
race_class_name,立待岬特･2勝,42,0.0003492055573570128
race_class_name,ラジオNIＨG3,42,0.0003492055573570128
race_class_name,別府特別･2勝,42,0.0003492055573570128
race_class_name,東風Ｓ(L),42,0.0003492055573570128
race_class_name,スレイプ,42,0.0003492055573570128
race_class_name,荒川峡特･1勝,42,0.0003492055573570128
race_class_name,伊万里特･2勝,42,0.0003492055573570128
race_class_name,下総Ｓ･3勝,42,0.0003492055573570128
race_class_name,山城ＳＨ･3勝,41,0.000340891139324703
race_class_name,五稜郭Ｓ･3勝,41,0.000340891139324703
race_class_name,鶴ヶ城Ｓ･3勝,41,0.000340891139324703
race_class_name,フィリピ･2勝,41,0.000340891139324703
race_class_name,青嵐賞･2勝,41,0.000340891139324703
race_class_name,日吉特別･2勝,41,0.000340891139324703
race_class_name,京都新聞G2,41,0.000340891139324703
race_class_name,ダイヤモＨG3,41,0.000340891139324703
race_class_name,金蹄Ｓ･3勝,41,0.000340891139324703
race_class_name,ユニコーG3,41,0.000340891139324703
race_class_name,プリンシ(L),41,0.000340891139324703
race_class_name,咲花特別･2勝,41,0.000340891139324703
race_class_name,利根川特･2勝,41,0.000340891139324703
race_class_name,あざみ賞･1勝,41,0.000340891139324703
race_class_name,スピカＳ･3勝,41,0.000340891139324703
race_class_name,アネモネ(L),40,0.0003325767212923931
race_class_name,日経賞G2,40,0.0003325767212923931
race_class_name,立川特別･2勝,40,0.0003325767212923931
race_class_name,彦星賞･2勝,40,0.0003325767212923931
race_class_name,さくらん･2勝,40,0.0003325767212923931
race_class_name,湯の川温･2勝,40,0.0003325767212923931
race_class_name,九州スポ･2勝,40,0.0003325767212923931
race_class_name,葉山特別･2勝,40,0.0003325767212923931
race_class_name,高尾特別･2勝,40,0.0003325767212923931
race_class_name,袖ケ浦特･2勝,40,0.0003325767212923931
race_class_name,初音Ｓ･3勝,40,0.0003325767212923931
race_class_name,津軽海Ｈ･2勝,40,0.0003325767212923931
race_class_name,相模湖特･2勝,40,0.0003325767212923931
race_class_name,節分Ｓ･3勝,40,0.0003325767212923931
race_class_name,高千穂特･1勝,39,0.0003242623032600833
race_class_name,二王子特･1勝,39,0.0003242623032600833
race_class_name,分倍河原･3勝,39,0.0003242623032600833
race_class_name,六甲Ｓ(L),39,0.0003242623032600833
race_class_name,足立山特･1勝,39,0.0003242623032600833
race_class_name,信夫山特･2勝,39,0.0003242623032600833
race_class_name,雲仙特別･2勝,39,0.0003242623032600833
race_class_name,寿Ｓ･3勝,39,0.0003242623032600833
race_class_name,バーデン･3勝,39,0.0003242623032600833
race_class_name,桑折特別･1勝,39,0.0003242623032600833
race_class_name,万葉ＳＨ,39,0.0003242623032600833
race_class_name,天王山Ｓ,39,0.0003242623032600833
race_class_name,大阪―ハＨ,38,0.0003159478852277735
race_class_name,スプリンG2,38,0.0003159478852277735
race_class_name,舞鶴Ｓ･3勝,38,0.0003159478852277735
race_class_name,烏丸ＳＨ･3勝,38,0.0003159478852277735
race_class_name,鞍馬Ｓ,38,0.0003159478852277735
race_class_name,壇之浦Ｓ･3勝,38,0.0003159478852277735
race_class_name,バイオレ,38,0.0003159478852277735
race_class_name,小倉城Ｓ･3勝,38,0.0003159478852277735
race_class_name,金鯱賞G2,37,0.00030763346719546366
race_class_name,横手特別･2勝,37,0.00030763346719546366
race_class_name,伊丹Ｓ･3勝,37,0.00030763346719546366
race_class_name,迎春Ｓ･3勝,37,0.00030763346719546366
race_class_name,いわき特･2勝,37,0.00030763346719546366
race_class_name,錦ＳＨ･3勝,37,0.00030763346719546366
race_class_name,飛鳥Ｓ･3勝,37,0.00030763346719546366
race_class_name,六社Ｓ･3勝,37,0.00030763346719546366
race_class_name,スイート(L),37,0.00030763346719546366
race_class_name,竜飛崎特･2勝,37,0.00030763346719546366
race_class_name,小倉牝馬ＨG3,36,0.00029931904916315384
race_class_name,愛知杯G3,36,0.00029931904916315384
race_class_name,阪神大賞G2,36,0.00029931904916315384
race_class_name,飛翼特別･2勝,36,0.00029931904916315384
race_class_name,菊花賞G1,36,0.00029931904916315384
race_class_name,オーロＨ(L),36,0.00029931904916315384
race_class_name,ひまわり,36,0.00029931904916315384
race_class_name,ペガサス,36,0.00029931904916315384
race_class_name,アイビスG3,36,0.00029931904916315384
race_class_name,驀進特別･2勝,36,0.00029931904916315384
race_class_name,菜の花賞･1勝,36,0.00029931904916315384
race_class_name,洞爺湖特･2勝,36,0.00029931904916315384
race_class_name,北海Ｈ･2勝,36,0.00029931904916315384
race_class_name,安達太良,36,0.00029931904916315384
race_class_name,オパーＨ(L),36,0.00029931904916315384
race_class_name,キャピタ(L),36,0.00029931904916315384
race_class_name,尾張特Ｈ･2勝,36,0.00029931904916315384
race_class_name,阪神ジュG1,36,0.00029931904916315384
race_class_name,海の中道･2勝,36,0.00029931904916315384
race_class_name,信濃川特･2勝,36,0.00029931904916315384
race_class_name,難波Ｓ･3勝,36,0.00029931904916315384
race_class_name,メルボル･1勝,36,0.00029931904916315384
race_class_name,フリーウ･3勝,36,0.00029931904916315384
race_class_name,御池特別･2勝,36,0.00029931904916315384
race_class_name,天ケ瀬特･2勝,36,0.00029931904916315384
race_class_name,京都記念G2,36,0.00029931904916315384
race_class_name,飯盛山特･1勝,36,0.00029931904916315384
race_class_name,観月橋Ｓ･3勝,35,0.000291004631130844
race_class_name,稲光特別･1勝,35,0.000291004631130844
race_class_name,スワンＳG2,35,0.000291004631130844
race_class_name,太宰府特･2勝,35,0.000291004631130844
race_class_name,北陸ＳＨ･3勝,35,0.000291004631130844
race_class_name,弥生賞G2,35,0.000291004631130844
race_class_name,ＣＢＣ賞ＨG3,35,0.000291004631130844
race_class_name,阪神牝馬G2,35,0.000291004631130844
race_class_name,中日新聞ＨG3,35,0.000291004631130844
race_class_name,松島特別･2勝,35,0.000291004631130844
race_class_name,マイルチG1,35,0.000291004631130844
race_class_name,京阪杯G3,35,0.000291004631130844
race_class_name,與杼特別･2勝,35,0.000291004631130844
race_class_name,八女特別･2勝,35,0.000291004631130844
race_class_name,噴火湾特･2勝,35,0.000291004631130844
race_class_name,大沼Ｓ(L),35,0.000291004631130844
race_class_name,ルミエＨ(L),34,0.00028269021309853414
race_class_name,アルゼンＨG2,34,0.00028269021309853414
race_class_name,阪神カッG2,34,0.00028269021309853414
race_class_name,セントポ･1勝,34,0.00028269021309853414
race_class_name,牛若丸ジ,34,0.00028269021309853414
race_class_name,東京ジャJG3,34,0.00028269021309853414
race_class_name,稲城特別･1勝,34,0.00028269021309853414
race_class_name,青竜Ｓ,34,0.00028269021309853414
race_class_name,ホープフG1,34,0.00028269021309853414
race_class_name,中山新春,34,0.00028269021309853414
race_class_name,白富士Ｓ(L),34,0.00028269021309853414
race_class_name,セントウG2,34,0.00028269021309853414
race_class_name,若竹賞･1勝*,34,0.00028269021309853414
race_class_name,奥尻特別･1勝,34,0.00028269021309853414
race_class_name,檜山特別･2勝,34,0.00028269021309853414
race_class_name,ジュニア(L),33,0.0002743757950662243
race_class_name,八雲特別･1勝,33,0.0002743757950662243
race_class_name,エリザベG1,33,0.0002743757950662243
race_class_name,燧ヶ岳特･1勝,33,0.0002743757950662243
race_class_name,秋華賞G1,33,0.0002743757950662243
race_class_name,伊達特別･1勝,33,0.0002743757950662243
race_class_name,昇竜Ｓ,33,0.0002743757950662243
race_class_name,山吹賞･1勝*,33,0.0002743757950662243
race_class_name,英彦山特･1勝,33,0.0002743757950662243
race_class_name,ペルセウＨ,32,0.0002660613770339145
race_class_name,ＲＫＢ賞･2勝,32,0.0002660613770339145
race_class_name,プロキオG2,32,0.0002660613770339145
race_class_name,アレキＨ･3勝,32,0.0002660613770339145
race_class_name,白嶺ＳＨ･3勝,32,0.0002660613770339145
race_class_name,アリエス･3勝,32,0.0002660613770339145
race_class_name,ヤングジ･2勝,32,0.0002660613770339145
race_class_name,ターコイＨG3,32,0.0002660613770339145
race_class_name,富嶽賞･2勝,32,0.0002660613770339145
race_class_name,ディセン(L),32,0.0002660613770339145
race_class_name,師走ＳＨ(L),32,0.0002660613770339145
race_class_name,室町ＳＨ,32,0.0002660613770339145
race_class_name,奥多摩Ｓ･3勝,32,0.0002660613770339145
race_class_name,ヤングジ･1勝,32,0.0002660613770339145
race_class_name,市川ＳＨ･3勝,32,0.0002660613770339145
race_class_name,ラピスラ(L),32,0.0002660613770339145
race_class_name,弥富特Ｈ･2勝,32,0.0002660613770339145
race_class_name,やまびこ･3勝,32,0.0002660613770339145
race_class_name,初凪賞･2勝,32,0.0002660613770339145
race_class_name,御陵ＳＨ･3勝,32,0.0002660613770339145
race_class_name,尖閣湾特･1勝,32,0.0002660613770339145
race_class_name,カーバンＨ,32,0.0002660613770339145
race_class_name,ジャニュ,32,0.0002660613770339145
race_class_name,河原町Ｈ･3勝,32,0.0002660613770339145
race_class_name,邁進特Ｈ･2勝,32,0.0002660613770339145
race_class_name,橘Ｓ(L),32,0.0002660613770339145
race_class_name,札幌スポ･2勝,32,0.0002660613770339145
race_class_name,グリーン(L),32,0.0002660613770339145
race_class_name,ポラリスＨ,32,0.0002660613770339145
race_class_name,スプリンG1,32,0.0002660613770339145
race_class_name,伏竜Ｓ,32,0.0002660613770339145
race_class_name,銀蹄Ｓ･3勝,32,0.0002660613770339145
race_class_name,響灘特別･2勝,32,0.0002660613770339145
race_class_name,ひめさゆ･1勝,32,0.0002660613770339145
race_class_name,福島記念ＨG3,32,0.0002660613770339145
race_class_name,高湯温泉･1勝,32,0.0002660613770339145
race_class_name,チャンピG1,32,0.0002660613770339145
race_class_name,ＵＨＢ賞,32,0.0002660613770339145
race_class_name,閃光特別･1勝,32,0.0002660613770339145
race_class_name,大山崎Ｓ･3勝,32,0.0002660613770339145
race_class_name,秋吉台特･1勝,32,0.0002660613770339145
race_class_name,濃尾特別･2勝,32,0.0002660613770339145
race_class_name,大府特別･2勝,32,0.0002660613770339145
race_class_name,桶狭間Ｓ･3勝,32,0.0002660613770339145
race_class_name,洲本特別･2勝,32,0.0002660613770339145
race_class_name,富里特別･2勝,32,0.0002660613770339145
race_class_name,丹沢ＳＨ･3勝,32,0.0002660613770339145
race_class_name,水無月ＳＨ,32,0.0002660613770339145
race_class_name,野島崎特･2勝,32,0.0002660613770339145
race_class_name,しらさぎG3,32,0.0002660613770339145
race_class_name,甲州街道･2勝,32,0.0002660613770339145
race_class_name,花のみち･3勝,32,0.0002660613770339145
race_class_name,長岡ＳＨ･3勝,32,0.0002660613770339145
race_class_name,ローズＳG2,32,0.0002660613770339145
race_class_name,オータムＨG3,32,0.0002660613770339145
race_class_name,五色沼特･2勝,32,0.0002660613770339145
race_class_name,羅生門Ｓ･3勝,32,0.0002660613770339145
race_class_name,アプロー･2勝,32,0.0002660613770339145
race_class_name,安芸特別･2勝,32,0.0002660613770339145
race_class_name,キーンラG3,32,0.0002660613770339145
race_class_name,福島２歳,32,0.0002660613770339145
race_class_name,飯坂温泉･2勝,32,0.0002660613770339145
race_class_name,鳴海特別･2勝,32,0.0002660613770339145
race_class_name,クロッカ(L),32,0.0002660613770339145
race_class_name,シャング･3勝,32,0.0002660613770339145
race_class_name,霜月Ｓ,32,0.0002660613770339145
race_class_name,熊本城特･2勝,32,0.0002660613770339145
race_class_name,北斗特別･1勝,32,0.0002660613770339145
race_class_name,キビタＨ･3勝,32,0.0002660613770339145
race_class_name,犬山特別･2勝,32,0.0002660613770339145
race_class_name,臥牛山特･1勝,32,0.0002660613770339145
race_class_name,郡山特Ｈ･2勝,32,0.0002660613770339145
race_class_name,釜山Ｓ･3勝,32,0.0002660613770339145
race_class_name,みちのく,32,0.0002660613770339145
race_class_name,初春ＳＨ･3勝,32,0.0002660613770339145
race_class_name,カーネー･1勝,32,0.0002660613770339145
race_class_name,クリスマ･2勝,32,0.0002660613770339145
race_class_name,小倉日経,32,0.0002660613770339145
race_class_name,モルガナ,32,0.0002660613770339145
race_class_name,ベテルギ(L),32,0.0002660613770339145
race_class_name,土湯温泉･1勝,32,0.0002660613770339145
race_class_name,フルーツ･3勝,32,0.0002660613770339145
race_class_name,ファイＨ･3勝,32,0.0002660613770339145
race_class_name,令月ＳＨ,32,0.0002660613770339145
race_class_name,ベストウ･2勝,32,0.0002660613770339145
race_class_name,フェアウ･3勝,32,0.0002660613770339145
race_class_name,白川郷Ｓ･3勝,31,0.0002577469590016047
race_class_name,秋風Ｓ･3勝,31,0.0002577469590016047
race_class_name,由布院特･2勝,31,0.0002577469590016047
race_class_name,テレビ静･3勝,31,0.0002577469590016047
race_class_name,米沢特別･2勝,31,0.0002577469590016047
race_class_name,江戸川Ｓ･3勝,31,0.0002577469590016047
race_class_name,バレンタ,31,0.0002577469590016047
race_class_name,富士ＳG2,31,0.0002577469590016047
race_class_name,アイルラG2,31,0.0002577469590016047
race_class_name,あずさ賞･1勝,31,0.0002577469590016047
race_class_name,京橋ＳＨ･3勝,31,0.0002577469590016047
race_class_name,青梅特Ｈ･2勝,31,0.0002577469590016047
race_class_name,麦秋ＳＨ･3勝,31,0.0002577469590016047
race_class_name,清洲特別･2勝,31,0.0002577469590016047
race_class_name,伊賀ＳＨ･3勝,31,0.0002577469590016047
race_class_name,立夏ＳＨ･3勝,31,0.0002577469590016047
race_class_name,雅ＳＨ･3勝,31,0.0002577469590016047
race_class_name,宗像特別･2勝,31,0.0002577469590016047
race_class_name,有馬記念G1,31,0.0002577469590016047
race_class_name,タンザナＨ,31,0.0002577469590016047
race_class_name,コールド,31,0.0002577469590016047
race_class_name,中山グラJG1,31,0.0002577469590016047
race_class_name,サンシＨ･3勝,31,0.0002577469590016047
race_class_name,ヒヤシン(L),31,0.0002577469590016047
race_class_name,米子城ＳＨ,31,0.0002577469590016047
race_class_name,四日市特･2勝,31,0.0002577469590016047
race_class_name,リボンＨ･3勝,31,0.0002577469590016047
race_class_name,小樽特別･1勝,31,0.0002577469590016047
race_class_name,鳥羽特別･2勝,31,0.0002577469590016047
race_class_name,御堂筋Ｓ･3勝,31,0.0002577469590016047
race_class_name,磐梯山特･1勝,31,0.0002577469590016047
race_class_name,三木ホー,31,0.0002577469590016047
race_class_name,福島放送･2勝,31,0.0002577469590016047
race_class_name,萌黄賞･1勝*,31,0.0002577469590016047
race_class_name,遊楽部特･1勝,31,0.0002577469590016047
race_class_name,深草特別･2勝,31,0.0002577469590016047
race_class_name,駒ケ岳特･1勝,31,0.0002577469590016047
race_class_name,北総Ｓ･3勝,31,0.0002577469590016047
race_class_name,武蔵野ＳG3,31,0.0002577469590016047
race_class_name,オキザリ･1勝,31,0.0002577469590016047
race_class_name,常総Ｓ･3勝,31,0.0002577469590016047
race_class_name,カペラＳG3,31,0.0002577469590016047
race_class_name,天満橋Ｈ･3勝,30,0.00024943254096929487
race_class_name,都大路Ｈ(L),30,0.00024943254096929487
race_class_name,府中Ｓ･3勝,30,0.00024943254096929487
race_class_name,尾瀬特別･2勝,30,0.00024943254096929487
race_class_name,高瀬川Ｓ･3勝,30,0.00024943254096929487
race_class_name,忘れな草(L),30,0.00024943254096929487
race_class_name,ラジオ日,30,0.00024943254096929487
race_class_name,岩室温泉･2勝,30,0.00024943254096929487
race_class_name,内房ＳＨ･3勝,30,0.00024943254096929487
race_class_name,上総ＳＨ･3勝,30,0.00024943254096929487
race_class_name,福島民報(L),30,0.00024943254096929487
race_class_name,ラジオＨ･2勝,30,0.00024943254096929487
race_class_name,上越Ｓ･3勝,30,0.00024943254096929487
race_class_name,レグルス,30,0.00024943254096929487
race_class_name,藤森Ｓ,30,0.00024943254096929487
race_class_name,レパードG3,30,0.00024943254096929487
race_class_name,出雲崎特･2勝,30,0.00024943254096929487
race_class_name,柏崎特別･1勝,30,0.00024943254096929487
race_class_name,アクアマ･3勝,30,0.00024943254096929487
race_class_name,メトロポ(L),30,0.00024943254096929487
race_class_name,村上特別･2勝,30,0.00024943254096929487
race_class_name,オータム,30,0.00024943254096929487
race_class_name,麒麟山特･2勝,30,0.00024943254096929487
race_class_name,妙高特別･2勝,30,0.00024943254096929487
race_class_name,フローラ･1勝,30,0.00024943254096929487
race_class_name,若葉Ｓ(L),30,0.00024943254096929487
race_class_name,吹田特別･2勝,30,0.00024943254096929487
race_class_name,ＳＴＶＨ･3勝,30,0.00024943254096929487
race_class_name,きさらぎG3,30,0.00024943254096929487
race_class_name,西部日刊･2勝,30,0.00024943254096929487
race_class_name,京王杯２G2,30,0.00024943254096929487
race_class_name,三春駒特･1勝,30,0.00024943254096929487
race_class_name,フューチG1,30,0.00024943254096929487
race_class_name,河北新報･2勝,30,0.00024943254096929487
race_class_name,東山ＳＨ･3勝,30,0.00024943254096929487
race_class_name,グッドＨ･2勝,30,0.00024943254096929487
race_class_name,渡島特別･2勝,30,0.00024943254096929487
race_class_name,下北半島･1勝,30,0.00024943254096929487
race_class_name,船橋Ｓ･3勝,30,0.00024943254096929487
race_class_name,若駒Ｓ(L),30,0.00024943254096929487
race_class_name,秋色ＳＨ･3勝,30,0.00024943254096929487
race_class_name,紅梅Ｓ(L),30,0.00024943254096929487
race_class_name,福島民友(L),30,0.00024943254096929487
race_class_name,ＪＣG1,30,0.00024943254096929487
race_class_name,天竜川特･2勝,30,0.00024943254096929487
race_class_name,府中牝馬ＨG3,30,0.00024943254096929487
race_class_name,青函ＳＨ,30,0.00024943254096929487
race_class_name,博多Ｓ･3勝,30,0.00024943254096929487
race_class_name,ジュライＨ,29,0.00024111812293698502
race_class_name,浦安特別･2勝,29,0.00024111812293698502
race_class_name,カノープＨ,29,0.00024111812293698502
race_class_name,東雲賞･2勝,29,0.00024111812293698502
race_class_name,清里特別･2勝,29,0.00024111812293698502
race_class_name,薩摩Ｓ･3勝,29,0.00024111812293698502
race_class_name,西部スＨ･2勝,29,0.00024111812293698502
race_class_name,二本松特･1勝,29,0.00024111812293698502
race_class_name,奥羽Ｓ･3勝,29,0.00024111812293698502
race_class_name,陽春ＳＨ･3勝,29,0.00024111812293698502
race_class_name,神奈川新･2勝,29,0.00024111812293698502
race_class_name,白秋ＳＨ･3勝,29,0.00024111812293698502
race_class_name,天皇賞秋G1,29,0.00024111812293698502
race_class_name,大和Ｓ,29,0.00024111812293698502
race_class_name,三面川特･2勝,29,0.00024111812293698502
race_class_name,京都大賞G2,29,0.00024111812293698502
race_class_name,長岡京Ｓ･3勝,29,0.00024111812293698502
race_class_name,松浜特別･1勝,29,0.00024111812293698502
race_class_name,知床特別･2勝,29,0.00024111812293698502
race_class_name,甲南ＳＨ･3勝,29,0.00024111812293698502
race_class_name,シリウスＨG3,29,0.00024111812293698502
race_class_name,レインＨ･3勝,29,0.00024111812293698502
race_class_name,五泉特Ｈ･2勝,29,0.00024111812293698502
race_class_name,医王寺特･1勝,29,0.00024111812293698502
race_class_name,幕張ＳＨ･3勝,29,0.00024111812293698502
race_class_name,ＮＳＴ賞Ｈ,29,0.00024111812293698502
race_class_name,トルマリ･3勝,29,0.00024111812293698502
race_class_name,福島テレ,29,0.00024111812293698502
race_class_name,橿原Ｓ･3勝,29,0.00024111812293698502
race_class_name,テレ玉杯･2勝,29,0.00024111812293698502
race_class_name,あすなろ･1勝,29,0.00024111812293698502
race_class_name,熱田特別･2勝,29,0.00024111812293698502
race_class_name,春日特別･2勝,29,0.00024111812293698502
race_class_name,柳都ＳＨ･3勝,29,0.00024111812293698502
race_class_name,エルフィ(L),29,0.00024111812293698502
race_class_name,香取特別･2勝,29,0.00024111812293698502
race_class_name,みやこＳG3,29,0.00024111812293698502
race_class_name,白百合Ｓ(L),29,0.00024111812293698502
race_class_name,鳳雛Ｓ(L),29,0.00024111812293698502
race_class_name,テレＱ杯･3勝,29,0.00024111812293698502
race_class_name,恵山特別･1勝,28,0.0002328037049046752
race_class_name,銀嶺ＳＨ･3勝,28,0.0002328037049046752
race_class_name,武庫川特･2勝,28,0.0002328037049046752
race_class_name,報知杯Ｈ･3勝,28,0.0002328037049046752
race_class_name,カシオペ(L),28,0.0002328037049046752
race_class_name,下鴨Ｓ･3勝,28,0.0002328037049046752
race_class_name,霞ヶ浦特･2勝,28,0.0002328037049046752
race_class_name,かもめ島･2勝,28,0.0002328037049046752
race_class_name,四国新聞･2勝,28,0.0002328037049046752
race_class_name,小倉記念ＨG3,28,0.0002328037049046752
race_class_name,ＨＴＢ賞･2勝,28,0.0002328037049046752
race_class_name,WASJ第２･3勝,28,0.0002328037049046752
race_class_name,豊明ＳＨ･3勝,28,0.0002328037049046752
race_class_name,WASJ第１･2勝,28,0.0002328037049046752
race_class_name,稲妻Ｓ･3勝,28,0.0002328037049046752
race_class_name,水仙賞･1勝*,28,0.0002328037049046752
race_class_name,エルムＳG3,28,0.0002328037049046752
race_class_name,明石特別･2勝,28,0.0002328037049046752
race_class_name,瀬波温泉･2勝,28,0.0002328037049046752
race_class_name,フォーＨ･2勝,28,0.0002328037049046752
race_class_name,宮崎ＳＨ･3勝,28,0.0002328037049046752
race_class_name,共同通信G3,28,0.0002328037049046752
race_class_name,魚沼Ｓ･3勝,28,0.0002328037049046752
race_class_name,新春Ｓ･3勝,28,0.0002328037049046752
race_class_name,カトレア,28,0.0002328037049046752
race_class_name,中京スポ･3勝,28,0.0002328037049046752
race_class_name,南総Ｓ･3勝,28,0.0002328037049046752
race_class_name,WASJ第４･2勝,28,0.0002328037049046752
race_class_name,ジューン,28,0.0002328037049046752
race_class_name,長万部特･1勝,28,0.0002328037049046752
race_class_name,ステイヤG2,28,0.0002328037049046752
race_class_name,鹿島特別･2勝,27,0.00022448928687236538
race_class_name,マリーンＨ,27,0.00022448928687236538
race_class_name,八坂Ｓ･3勝,27,0.00022448928687236538
race_class_name,大津特別･2勝,27,0.00022448928687236538
race_class_name,鋸山特別･2勝,27,0.00022448928687236538
race_class_name,札幌記念G2,27,0.00022448928687236538
race_class_name,中郷特別･1勝,27,0.00022448928687236538
race_class_name,中京スポ･2勝,27,0.00022448928687236538
race_class_name,茨城新聞･2勝,27,0.00022448928687236538
race_class_name,鳴尾記念G3,27,0.00022448928687236538
race_class_name,ファンタG3,27,0.00022448928687236538
race_class_name,新潟ジャJG3,27,0.00022448928687236538
race_class_name,招福Ｓ･3勝,27,0.00022448928687236538
race_class_name,初咲賞･2勝,27,0.00022448928687236538
race_class_name,讃岐特別･2勝,27,0.00022448928687236538
race_class_name,マーガレ(L),27,0.00022448928687236538
race_class_name,ルスツ特･1勝,27,0.00022448928687236538
race_class_name,苗場特別･2勝,27,0.00022448928687236538
race_class_name,オアシＨ(L),27,0.00022448928687236538
race_class_name,日進特別･2勝,27,0.00022448928687236538
race_class_name,淀屋橋Ｓ･3勝,27,0.00022448928687236538
race_class_name,蹴上特別･2勝,27,0.00022448928687236538
race_class_name,恵那特別･2勝,27,0.00022448928687236538
race_class_name,阿蘇Ｓ,27,0.00022448928687236538
race_class_name,豊橋Ｓ･3勝,27,0.00022448928687236538
race_class_name,ゆりかも･1勝,27,0.00022448928687236538
race_class_name,新潟牝馬(L),27,0.00022448928687236538
race_class_name,若潮Ｓ･3勝,27,0.00022448928687236538
race_class_name,花見小Ｈ･2勝,27,0.00022448928687236538
race_class_name,君子蘭賞･1勝,27,0.00022448928687236538
race_class_name,オリオン･3勝,27,0.00022448928687236538
race_class_name,もちの木･1勝,27,0.00022448928687236538
race_class_name,釧路湿原･2勝,27,0.00022448928687236538
race_class_name,チバテレ･2勝,27,0.00022448928687236538
race_class_name,小倉山特･2勝,27,0.00022448928687236538
race_class_name,WASJ第３･2勝,26,0.00021617486884005553
race_class_name,セントラG2,26,0.00021617486884005553
race_class_name,朱鷺Ｓ(L),26,0.00021617486884005553
race_class_name,垂水Ｓ･3勝,26,0.00021617486884005553
race_class_name,オールカG2,26,0.00021617486884005553
race_class_name,ポートア(L),26,0.00021617486884005553
race_class_name,フリージ･1勝,26,0.00021617486884005553
race_class_name,矢車賞･1勝*,26,0.00021617486884005553
race_class_name,あけぼの･3勝,26,0.00021617486884005553
race_class_name,斑鳩Ｓ･3勝,26,0.00021617486884005553
race_class_name,栄特別･1勝,26,0.00021617486884005553
race_class_name,天の川Ｓ･3勝,26,0.00021617486884005553
race_class_name,両津湾特･2勝,26,0.00021617486884005553
race_class_name,町田特Ｈ･2勝,26,0.00021617486884005553
race_class_name,ＴＵＦ杯･3勝,26,0.00021617486884005553
race_class_name,壬生特別･2勝,26,0.00021617486884005553
race_class_name,黒松賞･1勝*,26,0.00021617486884005553
race_class_name,醍醐Ｓ･3勝,26,0.00021617486884005553
race_class_name,湯浜特別･1勝,26,0.00021617486884005553
race_class_name,駒場特別･2勝,26,0.00021617486884005553
race_class_name,名古屋日･2勝,26,0.00021617486884005553
race_class_name,リゲルＳ(L),26,0.00021617486884005553
race_class_name,大阪城Ｓ(L),26,0.00021617486884005553
race_class_name,富良野特･1勝,26,0.00021617486884005553
race_class_name,新潟日報･3勝,26,0.00021617486884005553
race_class_name,阪神スプJG2,26,0.00021617486884005553
race_class_name,カウント･3勝,26,0.00021617486884005553
race_class_name,ゆきやな･1勝,26,0.00021617486884005553
race_class_name,函館２歳G3,26,0.00021617486884005553
race_class_name,こぶし賞･1勝,26,0.00021617486884005553
race_class_name,白川特別･2勝,26,0.00021617486884005553
race_class_name,毎日杯G3,26,0.00021617486884005553
race_class_name,阿寒湖特･2勝,26,0.00021617486884005553
race_class_name,三河Ｓ･3勝,26,0.00021617486884005553
race_class_name,桑園特別･2勝,26,0.00021617486884005553
race_class_name,京都ハイJG2,26,0.00021617486884005553
race_class_name,小倉ジャJG3,26,0.00021617486884005553
race_class_name,石和特別･2勝,26,0.00021617486884005553
race_class_name,聚楽第特･2勝,25,0.0002078604508077457
race_class_name,ムーンＨ･3勝,25,0.0002078604508077457
race_class_name,逆瀬川特･2勝,25,0.0002078604508077457
race_class_name,ＨＴＢ杯･2勝,25,0.0002078604508077457
race_class_name,皆生特別･2勝,25,0.0002078604508077457
race_class_name,飛騨Ｓ･3勝,25,0.0002078604508077457
race_class_name,清水Ｓ･3勝,25,0.0002078604508077457
race_class_name,アザレア･1勝,25,0.0002078604508077457
race_class_name,紫苑ＳG2,25,0.0002078604508077457
race_class_name,青島特別･1勝,25,0.0002078604508077457
race_class_name,ひいらぎ･1勝,25,0.0002078604508077457
race_class_name,岩船特別･1勝,25,0.0002078604508077457
race_class_name,金山特別･1勝,25,0.0002078604508077457
race_class_name,鹿野山特･2勝,25,0.0002078604508077457
race_class_name,ブラジＨ(L),25,0.0002078604508077457
race_class_name,南相馬特･1勝,25,0.0002078604508077457
race_class_name,毎日王冠G2,25,0.0002078604508077457
race_class_name,菅名岳特･2勝,25,0.0002078604508077457
race_class_name,粟島特別･1勝,25,0.0002078604508077457
race_class_name,胎内川特･2勝,25,0.0002078604508077457
race_class_name,石狩特別･1勝,25,0.0002078604508077457
race_class_name,亀岡特別･2勝,25,0.0002078604508077457
race_class_name,大通公園･2勝,25,0.0002078604508077457
race_class_name,すみれＳ(L),25,0.0002078604508077457
race_class_name,日本海Ｓ･3勝,25,0.0002078604508077457
race_class_name,チャーチG3,25,0.0002078604508077457
race_class_name,瓢湖特別･1勝,25,0.0002078604508077457
race_class_name,飯豊特別･2勝,24,0.0001995460327754359
race_class_name,清秋ジャ,24,0.0001995460327754359
race_class_name,黒竹賞･1勝*,24,0.0001995460327754359
race_class_name,印西特Ｈ･2勝,24,0.0001995460327754359
race_class_name,シドニー･3勝,24,0.0001995460327754359
race_class_name,コーラル(L),24,0.0001995460327754359
race_class_name,ｔｖｋ賞･2勝,24,0.0001995460327754359
race_class_name,ユートピ･3勝,24,0.0001995460327754359
race_class_name,西湖特別･2勝,24,0.0001995460327754359
race_class_name,大寒桜賞･1勝,24,0.0001995460327754359
race_class_name,館山特別･2勝,24,0.0001995460327754359
race_class_name,神戸新聞G2,24,0.0001995460327754359
race_class_name,桑名特別･2勝,24,0.0001995460327754359
race_class_name,札幌２歳G3,24,0.0001995460327754359
race_class_name,岡崎特Ｈ･2勝,24,0.0001995460327754359
race_class_name,宇治川特･2勝,24,0.0001995460327754359
race_class_name,京極特別･2勝,24,0.0001995460327754359
race_class_name,琵琶湖特･2勝,24,0.0001995460327754359
race_class_name,尾頭橋Ｓ･3勝,24,0.0001995460327754359
race_class_name,長浜特別･2勝,24,0.0001995460327754359
race_class_name,春菜賞･1勝*,24,0.0001995460327754359
race_class_name,聖護院特･2勝,24,0.0001995460327754359
race_class_name,北辰特別･1勝,24,0.0001995460327754359
race_class_name,阿武隈Ｈ･3勝,24,0.0001995460327754359
race_class_name,コントレ･2勝,24,0.0001995460327754359
race_class_name,不知火特･2勝,23,0.00019123161474312605
race_class_name,知立Ｓ･3勝,23,0.00019123161474312605
race_class_name,寒椿賞･1勝*,23,0.00019123161474312605
race_class_name,大原Ｓ･3勝,23,0.00019123161474312605
race_class_name,稲荷特別･2勝,23,0.00019123161474312605
race_class_name,つわぶき･1勝,23,0.00019123161474312605
race_class_name,鴨川特別･2勝,23,0.00019123161474312605
race_class_name,ターフオ･2勝,23,0.00019123161474312605
race_class_name,潮来特Ｈ･2勝,23,0.00019123161474312605
race_class_name,箱根特Ｈ･2勝,23,0.00019123161474312605
race_class_name,初霞賞･2勝,23,0.00019123161474312605
race_class_name,恋路ケ浜･2勝,23,0.00019123161474312605
race_class_name,北山Ｓ･3勝,23,0.00019123161474312605
race_class_name,潮騒特別･2勝,23,0.00019123161474312605
race_class_name,知多特別･2勝,23,0.00019123161474312605
race_class_name,南武特別･2勝,23,0.00019123161474312605
race_class_name,セプテＨ･3勝,22,0.00018291719671081623
race_class_name,大倉山特･2勝,22,0.00018291719671081623
race_class_name,舞子特Ｈ･2勝,22,0.00018291719671081623
race_class_name,山藤賞･1勝*,22,0.00018291719671081623
race_class_name,万両賞･1勝*,22,0.00018291719671081623
race_class_name,阿賀野川･2勝,22,0.00018291719671081623
race_class_name,天神橋特･2勝,22,0.00018291719671081623
race_class_name,葉牡丹賞･1勝,22,0.00018291719671081623
race_class_name,木更津特･2勝,22,0.00018291719671081623
race_class_name,藻岩山特･2勝,22,0.00018291719671081623
race_class_name,イルミネ,22,0.00018291719671081623
race_class_name,オリエＨ･2勝,22,0.00018291719671081623
race_class_name,札幌日経(L),22,0.00018291719671081623
race_class_name,錦秋Ｓ･3勝,22,0.00018291719671081623
race_class_name,大須特別･1勝,21,0.0001746027786785064
race_class_name,アルテミG3,21,0.0001746027786785064
race_class_name,ミモザ賞･1勝,21,0.0001746027786785064
race_class_name,有松特別･2勝,21,0.0001746027786785064
race_class_name,御宿特別･2勝,21,0.0001746027786785064
race_class_name,国分寺特･2勝,21,0.0001746027786785064
race_class_name,新潟２歳G3,21,0.0001746027786785064
race_class_name,千里山Ｈ･2勝,21,0.0001746027786785064
race_class_name,汐留特別･2勝,21,0.0001746027786785064
race_class_name,松籟ＳＨ･3勝,21,0.0001746027786785064
race_class_name,横津岳Ｈ･2勝,21,0.0001746027786785064
race_class_name,立雲峡Ｓ･3勝,21,0.0001746027786785064
race_class_name,加古川特･2勝,21,0.0001746027786785064
race_class_name,カンナＳ,21,0.0001746027786785064
race_class_name,芦ノ湖特･2勝,21,0.0001746027786785064
race_class_name,衣笠特別･2勝,21,0.0001746027786785064
race_class_name,八ヶ岳特･2勝,21,0.0001746027786785064
race_class_name,ハロウィ･3勝,21,0.0001746027786785064
race_class_name,丹波特Ｈ･2勝,21,0.0001746027786785064
race_class_name,アルメリ･1勝,21,0.0001746027786785064
race_class_name,東京スポG2,21,0.0001746027786785064
race_class_name,香港ジョ･2勝,20,0.00016628836064619656
race_class_name,あやめ賞･1勝,20,0.00016628836064619656
race_class_name,阪神ジャJG3,20,0.00016628836064619656
race_class_name,九十九里･2勝,20,0.00016628836064619656
race_class_name,小郡特別･1勝,20,0.00016628836064619656
race_class_name,一宮特別･2勝,20,0.00016628836064619656
race_class_name,出町特別･2勝,20,0.00016628836064619656
race_class_name,五条坂特･2勝,20,0.00016628836064619656
race_class_name,三国特別･1勝,20,0.00016628836064619656
race_class_name,山陽特別･2勝,20,0.00016628836064619656
race_class_name,調布特別･2勝,19,0.00015797394261388674
race_class_name,熊野特別･2勝,19,0.00015797394261388674
race_class_name,茶臼山Ｈ･2勝,19,0.00015797394261388674
race_class_name,比良山Ｈ･2勝,19,0.00015797394261388674
race_class_name,秋陽ジャ,19,0.00015797394261388674
race_class_name,東京ハイJG2,19,0.00015797394261388674
race_class_name,久御山特･2勝,19,0.00015797394261388674
race_class_name,中ノ岳特･2勝,19,0.00015797394261388674
race_class_name,仲春特Ｈ･2勝,19,0.00015797394261388674
race_class_name,城崎特別･1勝,19,0.00015797394261388674
race_class_name,京都２歳G3,19,0.00015797394261388674
race_class_name,山中湖特･2勝,19,0.00015797394261388674
race_class_name,甲斐路Ｈ･3勝,18,0.00014965952458157692
race_class_name,オクトＨ(L),18,0.00014965952458157692
race_class_name,鹿ケ谷Ｈ･2勝,18,0.00014965952458157692
race_class_name,唐戸特別･1勝,18,0.00014965952458157692
race_class_name,クローバ,18,0.00014965952458157692
race_class_name,りんどう･1勝,18,0.00014965952458157692
race_class_name,聖籠特別･1勝,18,0.00014965952458157692
race_class_name,ノエル賞･1勝,18,0.00014965952458157692
race_class_name,京都牝馬G3,18,0.00014965952458157692
race_class_name,心斎橋Ｈ･3勝,18,0.00014965952458157692
race_class_name,ライスシ･3勝,18,0.00014965952458157692
race_class_name,夕月特別･2勝,18,0.00014965952458157692
race_class_name,許波多Ｈ･2勝,18,0.00014965952458157692
race_class_name,長篠ＳＨ･3勝,18,0.00014965952458157692
race_class_name,新発田城･1勝,18,0.00014965952458157692
race_class_name,元町ＳＨ･3勝,18,0.00014965952458157692
race_class_name,会津ＳＨ･3勝,18,0.00014965952458157692
race_class_name,蓬莱峡特･2勝,18,0.00014965952458157692
race_class_name,立雲峡Ｈ･3勝,18,0.00014965952458157692
race_class_name,唐戸特別･2勝,18,0.00014965952458157692
race_class_name,朱雀Ｓ･3勝,18,0.00014965952458157692
race_class_name,関屋記念ＨG3,18,0.00014965952458157692
race_class_name,関屋記念G3,18,0.00014965952458157692
race_class_name,ヤマボウ･1勝,18,0.00014965952458157692
race_class_name,ダリア賞,18,0.00014965952458157692
race_class_name,瀬田特Ｈ･2勝,18,0.00014965952458157692
race_class_name,朝日岳特･1勝,18,0.00014965952458157692
race_class_name,秋明菊賞･1勝,18,0.00014965952458157692
race_class_name,ポプラＳ･3勝,18,0.00014965952458157692
race_class_name,猪苗代特･2勝,18,0.00014965952458157692
race_class_name,なでしこ･1勝,18,0.00014965952458157692
race_class_name,信越ＳＨ(L),18,0.00014965952458157692
race_class_name,佐世保Ｓ･3勝,18,0.00014965952458157692
race_class_name,佐渡ＳＨ･3勝,18,0.00014965952458157692
race_class_name,豊栄特別･2勝,18,0.00014965952458157692
race_class_name,十日町特･1勝,18,0.00014965952458157692
race_class_name,キセキＨ･3勝,17,0.00014134510654926707
race_class_name,清滝特別･2勝,17,0.00014134510654926707
race_class_name,比叡ＳＨ･3勝,17,0.00014134510654926707
race_class_name,京都ジャJG3,17,0.00014134510654926707
race_class_name,キタサン･3勝,17,0.00014134510654926707
race_class_name,ベゴニア･1勝,17,0.00014134510654926707
race_class_name,雷光特別･1勝,17,0.00014134510654926707
race_class_name,芙蓉Ｓ,17,0.00014134510654926707
race_class_name,サフラン･1勝,17,0.00014134510654926707
race_class_name,ジングＨ･2勝,17,0.00014134510654926707
race_class_name,つばき賞･1勝,17,0.00014134510654926707
race_class_name,志摩Ｓ･3勝,17,0.00014134510654926707
race_class_name,淡路特別･2勝,17,0.00014134510654926707
race_class_name,浜名湖特･2勝,17,0.00014134510654926707
race_class_name,三木特Ｈ･2勝,17,0.00014134510654926707
race_class_name,ロイヤル･1勝,17,0.00014134510654926707
race_class_name,さざんか･1勝,17,0.00014134510654926707
race_class_name,三木特別･2勝,17,0.00014134510654926707
race_class_name,北國新聞･2勝,16,0.00013303068851695725
race_class_name,鷹巣山Ｈ･2勝,16,0.00013303068851695725
race_class_name,京都競Ｈ･3勝,16,0.00013303068851695725
race_class_name,勝浦特別･2勝,16,0.00013303068851695725
race_class_name,道頓堀Ｓ･3勝,16,0.00013303068851695725
race_class_name,オークＨ･3勝,16,0.00013303068851695725
race_class_name,天草特別･2勝,16,0.00013303068851695725
race_class_name,ロードカ･2勝,16,0.00013303068851695725
race_class_name,ＴＶｈ賞･3勝,16,0.00013303068851695725
race_class_name,摩耶Ｓ･3勝,16,0.00013303068851695725
race_class_name,赤富士Ｓ･3勝,16,0.00013303068851695725
race_class_name,りんくうＨ,16,0.00013303068851695725
race_class_name,御影Ｓ･3勝,16,0.00013303068851695725
race_class_name,積丹特別･1勝,16,0.00013303068851695725
race_class_name,外房ＳＨ･3勝,16,0.00013303068851695725
race_class_name,ＴＵＦＨ･3勝,16,0.00013303068851695725
race_class_name,堺Ｓ･3勝,16,0.00013303068851695725
race_class_name,天橋立Ｓ･3勝,16,0.00013303068851695725
race_class_name,東海ＳG2,16,0.00013303068851695725
race_class_name,三陸特Ｈ･2勝,16,0.00013303068851695725
race_class_name,甲州街Ｈ･3勝,16,0.00013303068851695725
race_class_name,柳川特別･2勝,16,0.00013303068851695725
race_class_name,安房特別･2勝,16,0.00013303068851695725
race_class_name,比叡Ｓ･3勝,16,0.00013303068851695725
race_class_name,レジェン･3勝,16,0.00013303068851695725
race_class_name,晩秋ＳＨ･3勝,16,0.00013303068851695725
race_class_name,花園Ｓ･3勝,16,0.00013303068851695725
race_class_name,シトリン,16,0.00013303068851695725
race_class_name,三陸特別･2勝,16,0.00013303068851695725
race_class_name,竹田城Ｈ･3勝,16,0.00013303068851695725
race_class_name,東村山特･2勝,16,0.00013303068851695725
race_class_name,ギャラク,16,0.00013303068851695725
race_class_name,神無月Ｓ,16,0.00013303068851695725
race_class_name,河口湖Ｈ･3勝,16,0.00013303068851695725
race_class_name,嵯峨野Ｈ･2勝,16,0.00013303068851695725
race_class_name,オクトー(L),16,0.00013303068851695725
race_class_name,医王寺特･2勝,16,0.00013303068851695725
race_class_name,リボン賞･2勝,16,0.00013303068851695725
race_class_name,カーバン,16,0.00013303068851695725
race_class_name,モルガナＨ,16,0.00013303068851695725
race_class_name,アーリンG3,16,0.00013303068851695725
race_class_name,アレキサ･3勝,16,0.00013303068851695725
race_class_name,招福ＳＨ･3勝,16,0.00013303068851695725
race_class_name,東海ＳG3,16,0.00013303068851695725
race_class_name,東大路Ｈ･3勝,16,0.00013303068851695725
race_class_name,須賀川特･1勝,16,0.00013303068851695725
race_class_name,白嶺Ｓ･3勝,16,0.00013303068851695725
race_class_name,高瀬川Ｈ･3勝,16,0.00013303068851695725
race_class_name,新春ＳＨ･3勝,16,0.00013303068851695725
race_class_name,りんくう,16,0.00013303068851695725
race_class_name,ラジオ福･2勝,16,0.00013303068851695725
race_class_name,マレーシ･2勝,16,0.00013303068851695725
race_class_name,天満橋Ｓ･3勝,16,0.00013303068851695725
race_class_name,福島中央･2勝,16,0.00013303068851695725
race_class_name,遠江Ｓ･3勝,16,0.00013303068851695725
race_class_name,船橋ＳＨ･3勝,16,0.00013303068851695725
race_class_name,アリエＨ･3勝,16,0.00013303068851695725
race_class_name,五頭連峰･2勝,16,0.00013303068851695725
race_class_name,薫風Ｓ･3勝,16,0.00013303068851695725
race_class_name,福島民Ｈ(L),16,0.00013303068851695725
race_class_name,エアグＨ･3勝,16,0.00013303068851695725
race_class_name,冬至特別･2勝,16,0.00013303068851695725
race_class_name,オルフェ･2勝,16,0.00013303068851695725
race_class_name,サリオス･3勝,16,0.00013303068851695725
race_class_name,邁進特別･2勝,16,0.00013303068851695725
race_class_name,外房Ｓ･3勝,16,0.00013303068851695725
race_class_name,巨椋池Ｈ･3勝,16,0.00013303068851695725
race_class_name,バレンタＨ,16,0.00013303068851695725
race_class_name,石清水Ｈ･3勝,16,0.00013303068851695725
race_class_name,昇仙峡Ｓ･3勝,16,0.00013303068851695725
race_class_name,御在所特･1勝,16,0.00013303068851695725
race_class_name,タイキＨ･3勝,16,0.00013303068851695725
race_class_name,白井特別･2勝,16,0.00013303068851695725
race_class_name,ディープ･3勝,16,0.00013303068851695725
race_class_name,日田特別･1勝,16,0.00013303068851695725
race_class_name,浜松Ｓ･3勝,16,0.00013303068851695725
race_class_name,松戸特別･2勝,16,0.00013303068851695725
race_class_name,中山大障JG1,16,0.00013303068851695725
race_class_name,グレイＨ･3勝,16,0.00013303068851695725
race_class_name,メイＳＨ,16,0.00013303068851695725
race_class_name,エリカ賞･1勝,16,0.00013303068851695725
race_class_name,クロフネ･2勝,16,0.00013303068851695725
race_class_name,米子Ｓ(L),16,0.00013303068851695725
race_class_name,青函Ｓ,16,0.00013303068851695725
race_class_name,マーメイＨG3,16,0.00013303068851695725
race_class_name,高砂特別･2勝,16,0.00013303068851695725
race_class_name,八代特別･1勝,16,0.00013303068851695725
race_class_name,名古屋城Ｈ,16,0.00013303068851695725
race_class_name,開成山特･1勝,16,0.00013303068851695725
race_class_name,近江特別･2勝,16,0.00013303068851695725
race_class_name,大垣特別･2勝,16,0.00013303068851695725
race_class_name,黄菊賞･1勝*,16,0.00013303068851695725
race_class_name,ＨＢＣＨ･2勝,16,0.00013303068851695725
race_class_name,新潟記念G3,16,0.00013303068851695725
race_class_name,プロキオG3,16,0.00013303068851695725
race_class_name,清津峡特･2勝,16,0.00013303068851695725
race_class_name,湯沢特別･1勝,16,0.00013303068851695725
race_class_name,貴船ＳＨ･3勝,16,0.00013303068851695725
race_class_name,西部日Ｈ･2勝,16,0.00013303068851695725
race_class_name,淀屋橋Ｈ･3勝,16,0.00013303068851695725
race_class_name,妙見山Ｓ･3勝,16,0.00013303068851695725
race_class_name,大和ＳＨ,16,0.00013303068851695725
race_class_name,マレーシ･3勝,16,0.00013303068851695725
race_class_name,弥富特別･2勝,16,0.00013303068851695725
race_class_name,アンドロ(L),16,0.00013303068851695725
race_class_name,三浦特別･2勝,16,0.00013303068851695725
race_class_name,橿原ＳＨ･3勝,16,0.00013303068851695725
race_class_name,納屋橋Ｓ･3勝,16,0.00013303068851695725
race_class_name,ニセコ特･1勝,16,0.00013303068851695725
race_class_name,キングＨ･3勝,16,0.00013303068851695725
race_class_name,東大路Ｓ･3勝,16,0.00013303068851695725
race_class_name,香嵐渓特･1勝,16,0.00013303068851695725
race_class_name,初風ＳＨ･3勝,16,0.00013303068851695725
race_class_name,豊川特別･2勝,16,0.00013303068851695725
race_class_name,企救丘特･2勝,16,0.00013303068851695725
race_class_name,賢島特Ｈ･2勝,16,0.00013303068851695725
race_class_name,コーラＨ(L),16,0.00013303068851695725
race_class_name,天白川特･2勝,16,0.00013303068851695725
race_class_name,春待月賞･2勝,16,0.00013303068851695725
race_class_name,ダイワＨ･3勝,16,0.00013303068851695725
race_class_name,由布院Ｈ･2勝,16,0.00013303068851695725
race_class_name,紫川特別･2勝,16,0.00013303068851695725
race_class_name,愛宕特別･2勝,16,0.00013303068851695725
race_class_name,筑後川特･2勝,16,0.00013303068851695725
race_class_name,松風月ＳＨ,16,0.00013303068851695725
race_class_name,萬代橋特･1勝,16,0.00013303068851695725
race_class_name,大阪スポ,16,0.00013303068851695725
race_class_name,銀蹄ＳＨ･3勝,15,0.00012471627048464743
race_class_name,こうやま･1勝,15,0.00012471627048464743
race_class_name,チャレンG3,15,0.00012471627048464743
race_class_name,オアシス(L),15,0.00012471627048464743
race_class_name,チャレンＨG3,15,0.00012471627048464743
race_class_name,デイリーG2,15,0.00012471627048464743
race_class_name,アンドＨ(L),15,0.00012471627048464743
race_class_name,ジュライ(L),15,0.00012471627048464743
race_class_name,バーレー,15,0.00012471627048464743
race_class_name,アイビー(L),15,0.00012471627048464743
race_class_name,神無月Ｈ･3勝,15,0.00012471627048464743
race_class_name,グランア･3勝,15,0.00012471627048464743
race_class_name,赤松賞･1勝*,15,0.00012471627048464743
race_class_name,晩秋Ｓ･3勝,15,0.00012471627048464743
race_class_name,西郷特別･2勝,15,0.00012471627048464743
race_class_name,アーモン･3勝,15,0.00012471627048464743
race_class_name,ＢＳＮＨ(L),15,0.00012471627048464743
race_class_name,浦佐特別･2勝,15,0.00012471627048464743
race_class_name,伊勢佐木･3勝,15,0.00012471627048464743
race_class_name,関越Ｓ,15,0.00012471627048464743
race_class_name,プラタナ･1勝,15,0.00012471627048464743
race_class_name,エイシン･3勝,15,0.00012471627048464743
race_class_name,ウェルカ･3勝,15,0.00012471627048464743
race_class_name,サイレン･3勝,15,0.00012471627048464743
race_class_name,初春Ｓ･3勝,15,0.00012471627048464743
race_class_name,サウジアG3,15,0.00012471627048464743
race_class_name,尾瀬特Ｈ･2勝,15,0.00012471627048464743
race_class_name,コスモス,15,0.00012471627048464743
race_class_name,大阪城Ｈ(L),15,0.00012471627048464743
race_class_name,八代特Ｈ･2勝,15,0.00012471627048464743
race_class_name,青梅特別･2勝,15,0.00012471627048464743
race_class_name,保津峡Ｓ･3勝,15,0.00012471627048464743
race_class_name,ギャラクＨ,15,0.00012471627048464743
race_class_name,由比ヶＨ･2勝,15,0.00012471627048464743
race_class_name,ポラリス,15,0.00012471627048464743
race_class_name,仲春特別･2勝,15,0.00012471627048464743
race_class_name,館山特Ｈ･2勝,15,0.00012471627048464743
race_class_name,まほろＨ(L),15,0.00012471627048464743
race_class_name,西郷特Ｈ･2勝,15,0.00012471627048464743
race_class_name,ＡＲＦ杯･3勝,15,0.00012471627048464743
race_class_name,長久手特･2勝,15,0.00012471627048464743
race_class_name,瀬戸ＳＨ･3勝,15,0.00012471627048464743
race_class_name,北山ＳＨ･3勝,15,0.00012471627048464743
race_class_name,長良川特･1勝,15,0.00012471627048464743
race_class_name,アニバー･3勝,15,0.00012471627048464743
race_class_name,福島中Ｈ･2勝,15,0.00012471627048464743
race_class_name,三田特別･2勝,15,0.00012471627048464743
race_class_name,浜松特別･2勝,14,0.0001164018524523376
race_class_name,ドンカス･2勝,14,0.0001164018524523376
race_class_name,札幌日刊･2勝,14,0.0001164018524523376
race_class_name,五頭連峰･1勝,14,0.0001164018524523376
race_class_name,JRAアＨ･3勝,14,0.0001164018524523376
race_class_name,エニフＨ(L),14,0.0001164018524523376
race_class_name,旭川特別･2勝,14,0.0001164018524523376
race_class_name,ラッキー･3勝,14,0.0001164018524523376
race_class_name,ジャニュＨ,14,0.0001164018524523376
race_class_name,修学院Ｈ･3勝,14,0.0001164018524523376
race_class_name,六甲アイ･3勝,14,0.0001164018524523376
race_class_name,中京記念ＨG3,14,0.0001164018524523376
race_class_name,岸和田Ｓ･3勝,14,0.0001164018524523376
race_class_name,円山特別･2勝,14,0.0001164018524523376
race_class_name,赤穂特別･2勝,14,0.0001164018524523376
race_class_name,グレイト･3勝,14,0.0001164018524523376
race_class_name,直江津特･2勝,14,0.0001164018524523376
race_class_name,萩Ｓ(L),14,0.0001164018524523376
race_class_name,摩周湖Ｈ･2勝,14,0.0001164018524523376
race_class_name,千歳特別･2勝,14,0.0001164018524523376
race_class_name,賢島特別･1勝,14,0.0001164018524523376
race_class_name,ＪＣ２Ｈ･3勝,14,0.0001164018524523376
race_class_name,愛知杯ＨG3,14,0.0001164018524523376
race_class_name,摩周湖特･2勝,14,0.0001164018524523376
race_class_name,苫小牧Ｈ･2勝,14,0.0001164018524523376
race_class_name,旭川特別･1勝,14,0.0001164018524523376
race_class_name,戎橋ＳＨ･3勝,14,0.0001164018524523376
race_class_name,佐渡Ｓ･3勝,14,0.0001164018524523376
race_class_name,ＦビレＨ･2勝,14,0.0001164018524523376
race_class_name,新発田Ｈ･2勝,14,0.0001164018524523376
race_class_name,赤富士Ｈ･3勝,14,0.0001164018524523376
race_class_name,祇園特別･2勝,14,0.0001164018524523376
race_class_name,タイランＨ,14,0.0001164018524523376
race_class_name,ジューＨ･3勝,14,0.0001164018524523376
race_class_name,安芸ＳＨ･3勝,14,0.0001164018524523376
race_class_name,ドゥラＨ･3勝,14,0.0001164018524523376
race_class_name,白梅賞･1勝*,14,0.0001164018524523376
race_class_name,サクラＨ･2勝,14,0.0001164018524523376
race_class_name,豊明Ｓ･3勝,14,0.0001164018524523376
race_class_name,札幌日Ｈ･2勝,14,0.0001164018524523376
race_class_name,トリトン･3勝,14,0.0001164018524523376
race_class_name,瀬戸Ｓ･3勝,14,0.0001164018524523376
race_class_name,サンタク･3勝,14,0.0001164018524523376
race_class_name,中ノ岳Ｈ･2勝,14,0.0001164018524523376
race_class_name,夢洲Ｓ･3勝,14,0.0001164018524523376
race_class_name,阿見特Ｈ･2勝,14,0.0001164018524523376
race_class_name,早春ＳＨ･3勝,14,0.0001164018524523376
race_class_name,アジア競･3勝,14,0.0001164018524523376
race_class_name,五泉特別･2勝,14,0.0001164018524523376
race_class_name,ながつき,14,0.0001164018524523376
race_class_name,睦月Ｓ,14,0.0001164018524523376
race_class_name,天橋立Ｈ･3勝,14,0.0001164018524523376
race_class_name,中京スＨ･2勝,14,0.0001164018524523376
race_class_name,志摩特Ｈ･2勝,13,0.00010808743442002777
race_class_name,古都ＳＨ･3勝,13,0.00010808743442002777
race_class_name,中京日経･2勝,13,0.00010808743442002777
race_class_name,石清水Ｓ･3勝,13,0.00010808743442002777
race_class_name,千歳特別･1勝,13,0.00010808743442002777
race_class_name,鳥屋野Ｈ･2勝,13,0.00010808743442002777
race_class_name,高山Ｓ･3勝,13,0.00010808743442002777
race_class_name,淀Ｓ･3勝,13,0.00010808743442002777
race_class_name,渥美特別･2勝,13,0.00010808743442002777
race_class_name,府中市市･3勝,13,0.00010808743442002777
race_class_name,刈谷特別･2勝,13,0.00010808743442002777
race_class_name,矢作川特･2勝,13,0.00010808743442002777
race_class_name,インディ･2勝,13,0.00010808743442002777
race_class_name,卯月Ｓ･3勝,13,0.00010808743442002777
race_class_name,名古屋城,13,0.00010808743442002777
race_class_name,名鉄杯,13,0.00010808743442002777
race_class_name,デイジー･1勝,13,0.00010808743442002777
race_class_name,百日草特･1勝,13,0.00010808743442002777
race_class_name,春興ＳＨ･3勝,13,0.00010808743442002777
race_class_name,新涼特別･2勝,13,0.00010808743442002777
race_class_name,日高Ｓ･3勝,13,0.00010808743442002777
race_class_name,豊中特別･2勝,13,0.00010808743442002777
race_class_name,栂尾特Ｈ･2勝,13,0.00010808743442002777
race_class_name,小倉２歳G3,13,0.00010808743442002777
race_class_name,ハッピー･2勝,13,0.00010808743442002777
race_class_name,上総Ｓ･3勝,13,0.00010808743442002777
race_class_name,三年坂Ｈ･3勝,13,0.00010808743442002777
race_class_name,三鷹特別･2勝,13,0.00010808743442002777
race_class_name,大阪スポ･3勝,13,0.00010808743442002777
race_class_name,博多ＳＨ･3勝,13,0.00010808743442002777
race_class_name,赤倉特Ｈ･2勝,13,0.00010808743442002777
race_class_name,すずらん,13,0.00010808743442002777
race_class_name,ライラッ･2勝,13,0.00010808743442002777
race_class_name,アカイＨ･3勝,13,0.00010808743442002777
race_class_name,関越ＳＨ,13,0.00010808743442002777
race_class_name,月岡温泉･2勝,13,0.00010808743442002777
race_class_name,もみじＳ,13,0.00010808743442002777
race_class_name,苫小牧特･2勝,13,0.00010808743442002777
race_class_name,雅Ｓ･3勝,13,0.00010808743442002777
race_class_name,玄海特別･2勝,13,0.00010808743442002777
race_class_name,中京２歳G3,13,0.00010808743442002777
race_class_name,紫菊賞･1勝*,13,0.00010808743442002777
race_class_name,栂尾特別･2勝,13,0.00010808743442002777
race_class_name,花園ＳＨ･3勝,13,0.00010808743442002777
race_class_name,中京日Ｈ･2勝,13,0.00010808743442002777
race_class_name,ＨＴＢＨ･2勝,13,0.00010808743442002777
race_class_name,佐世保Ｈ･3勝,13,0.00010808743442002777
race_class_name,嵯峨野Ｓ･3勝,13,0.00010808743442002777
race_class_name,揖斐川特･2勝,12,9.977301638771795e-05
race_class_name,芦ノ湖Ｈ･2勝,12,9.977301638771795e-05
race_class_name,パールＳ･3勝,12,9.977301638771795e-05
race_class_name,ウオッＨ･2勝,12,9.977301638771795e-05
race_class_name,ネモフィ･1勝,12,9.977301638771795e-05
race_class_name,糺の森特･2勝,12,9.977301638771795e-05
race_class_name,安房特Ｈ･2勝,12,9.977301638771795e-05
race_class_name,国分寺Ｈ･2勝,12,9.977301638771795e-05
race_class_name,ドンカＨ･3勝,12,9.977301638771795e-05
race_class_name,秋嶺Ｓ･3勝,12,9.977301638771795e-05
race_class_name,イクイノ･3勝,12,9.977301638771795e-05
race_class_name,貴船Ｓ･3勝,12,9.977301638771795e-05
race_class_name,アメジＨ･3勝,12,9.977301638771795e-05
race_class_name,赤倉特別･2勝,12,9.977301638771795e-05
race_class_name,丹頂ＳＨ,12,9.977301638771795e-05
race_class_name,雷光特別･2勝,12,9.977301638771795e-05
race_class_name,精進湖特･2勝,12,9.977301638771795e-05
race_class_name,紅葉Ｓ･3勝,12,9.977301638771795e-05
race_class_name,北國新Ｈ･2勝,12,9.977301638771795e-05
race_class_name,兵庫特Ｈ･2勝,12,9.977301638771795e-05
race_class_name,ＨＢＣ賞･2勝,12,9.977301638771795e-05
race_class_name,桂川Ｓ･3勝,12,9.977301638771795e-05
race_class_name,中京記念G3,12,9.977301638771795e-05
race_class_name,令月Ｓ,12,9.977301638771795e-05
race_class_name,日高特別･2勝,12,9.977301638771795e-05
race_class_name,ＢＳＮ賞(L),12,9.977301638771795e-05
race_class_name,名鉄杯(L),12,9.977301638771795e-05
race_class_name,ＴＶｈＨ･3勝,12,9.977301638771795e-05
race_class_name,オークラ･3勝,12,9.977301638771795e-05
race_class_name,西宮Ｓ･3勝,12,9.977301638771795e-05
race_class_name,阿見特別･2勝,11,9.145859835540811e-05
race_class_name,合馬特別･1勝,11,9.145859835540811e-05
race_class_name,古作特別･1勝,11,9.145859835540811e-05
race_class_name,逢坂山Ｈ･2勝,11,9.145859835540811e-05
race_class_name,松戸特Ｈ･2勝,11,9.145859835540811e-05
race_class_name,北野特別･2勝,11,9.145859835540811e-05
race_class_name,揖斐川特･1勝,11,9.145859835540811e-05
race_class_name,野路菊Ｓ,11,9.145859835540811e-05
race_class_name,西尾特別･2勝,11,9.145859835540811e-05
race_class_name,心斎橋Ｓ･3勝,11,9.145859835540811e-05
race_class_name,新潟記念ＨG3,11,9.145859835540811e-05
race_class_name,ケフェウＨ,11,9.145859835540811e-05
race_class_name,JC受賞Ｈ･3勝,11,9.145859835540811e-05
race_class_name,六波羅Ｈ･2勝,11,9.145859835540811e-05
race_class_name,陽春Ｓ･3勝,11,9.145859835540811e-05
race_class_name,古町Ｓ･3勝,11,9.145859835540811e-05
race_class_name,中京２歳,11,9.145859835540811e-05
race_class_name,印西特別･2勝,11,9.145859835540811e-05
race_class_name,郡山特別･2勝,11,9.145859835540811e-05
race_class_name,小郡特別･2勝,11,9.145859835540811e-05
race_class_name,若戸大橋･1勝,11,9.145859835540811e-05
race_class_name,木曽川特･2勝,11,9.145859835540811e-05
race_class_name,厚岸特別･1勝,11,9.145859835540811e-05
race_class_name,燕特別･1勝,11,9.145859835540811e-05
race_class_name,福島中央･3勝,11,9.145859835540811e-05
race_class_name,サンクフ･3勝,11,9.145859835540811e-05
race_class_name,白菊賞･1勝*,11,9.145859835540811e-05
race_class_name,逢坂山特･2勝,11,9.145859835540811e-05
race_class_name,マレーＨ･3勝,11,9.145859835540811e-05
race_class_name,川西特別･2勝,11,9.145859835540811e-05
race_class_name,幕張Ｓ･3勝,11,9.145859835540811e-05
race_class_name,宝塚市制･2勝,11,9.145859835540811e-05
race_class_name,新緑賞･1勝*,11,9.145859835540811e-05
race_class_name,鹿ケ谷特･2勝,11,9.145859835540811e-05
race_class_name,国立特別･2勝,10,8.314418032309828e-05
race_class_name,ホンコン･2勝,10,8.314418032309828e-05
race_class_name,茶臼山高･2勝,10,8.314418032309828e-05
race_class_name,岡崎特別･2勝,10,8.314418032309828e-05
race_class_name,ポインセ,10,8.314418032309828e-05
race_class_name,しらかばＨ,10,8.314418032309828e-05
race_class_name,伊勢佐木･2勝,10,8.314418032309828e-05
race_class_name,甲東特別･2勝,10,8.314418032309828e-05
race_class_name,横津岳特･2勝,10,8.314418032309828e-05
race_class_name,陣馬特別･2勝,10,8.314418032309828e-05
race_class_name,鶴舞特別･1勝,10,8.314418032309828e-05
race_class_name,堀川特別･2勝,10,8.314418032309828e-05
race_class_name,仲秋Ｓ･3勝,10,8.314418032309828e-05
race_class_name,天の川賞･2勝,10,8.314418032309828e-05
race_class_name,ノベンＨ･3勝,10,8.314418032309828e-05
race_class_name,北摂特別･2勝,10,8.314418032309828e-05
race_class_name,木曽川Ｈ･2勝,10,8.314418032309828e-05
race_class_name,豊栄特Ｈ･2勝,10,8.314418032309828e-05
race_class_name,天神橋Ｈ･2勝,10,8.314418032309828e-05
race_class_name,鶴舞特別･2勝,10,8.314418032309828e-05
race_class_name,水無月Ｓ･3勝,10,8.314418032309828e-05
race_class_name,須知特別･2勝,10,8.314418032309828e-05
race_class_name,胎内川Ｈ･2勝,10,8.314418032309828e-05
race_class_name,エニフＳ(L),10,8.314418032309828e-05
race_class_name,白鷺特別･2勝,10,8.314418032309828e-05
race_class_name,都大路Ｓ(L),10,8.314418032309828e-05
race_class_name,シンガポ,10,8.314418032309828e-05
race_class_name,くすのき･1勝,10,8.314418032309828e-05
race_class_name,若狭湾特･2勝,10,8.314418032309828e-05
race_class_name,阪神競Ｈ･3勝,10,8.314418032309828e-05
race_class_name,潮来特別･2勝,10,8.314418032309828e-05
race_class_name,習志野特･2勝,10,8.314418032309828e-05
race_class_name,初風Ｓ･3勝,10,8.314418032309828e-05
race_class_name,鞍ケ池特･1勝,10,8.314418032309828e-05
race_class_name,ブエナビ･3勝,10,8.314418032309828e-05
race_class_name,北大路特･2勝,10,8.314418032309828e-05
race_class_name,由比ヶ浜･2勝,10,8.314418032309828e-05
race_class_name,関ケ原Ｓ･3勝,10,8.314418032309828e-05
race_class_name,淡路特Ｈ･2勝,9,7.482976229078846e-05
race_class_name,クリスマ,9,7.482976229078846e-05
race_class_name,国立特Ｈ･2勝,9,7.482976229078846e-05
race_class_name,調布特Ｈ･2勝,9,7.482976229078846e-05
race_class_name,春麗ジャ,9,7.482976229078846e-05
race_class_name,コパノＨ･3勝,9,7.482976229078846e-05
race_class_name,シドニＨ･2勝,9,7.482976229078846e-05
race_class_name,筑紫特別･1勝,9,7.482976229078846e-05
race_class_name,国東特別･1勝,9,7.482976229078846e-05
race_class_name,常滑特別･2勝,9,7.482976229078846e-05
race_class_name,一乗寺特･1勝,9,7.482976229078846e-05
race_class_name,河津桜賞･1勝,9,7.482976229078846e-05
race_class_name,常盤特別･2勝,9,7.482976229078846e-05
race_class_name,宝ケ池特･2勝,9,7.482976229078846e-05
race_class_name,能勢特別･2勝,9,7.482976229078846e-05
race_class_name,鳥取特別･2勝,9,7.482976229078846e-05
race_class_name,ディー･2勝,9,7.482976229078846e-05
race_class_name,モーリ･2勝,9,7.482976229078846e-05
race_class_name,大郷特別･1勝,9,7.482976229078846e-05
race_class_name,比良山特･2勝,9,7.482976229078846e-05
race_class_name,三浦特別･1勝,9,7.482976229078846e-05
race_class_name,丹波特別･2勝,9,7.482976229078846e-05
race_class_name,六波羅特･2勝,9,7.482976229078846e-05
race_class_name,許波多特･2勝,9,7.482976229078846e-05
race_class_name,長篠Ｓ･3勝,9,7.482976229078846e-05
race_class_name,高山ＳＨ･3勝,9,7.482976229078846e-05
race_class_name,出石特別･2勝,9,7.482976229078846e-05
race_class_name,帆柱山特･2勝,8,6.651534425847863e-05
race_class_name,北野特Ｈ･2勝,8,6.651534425847863e-05
race_class_name,千里山特･2勝,8,6.651534425847863e-05
race_class_name,帆柱山特･1勝,8,6.651534425847863e-05
race_class_name,アスター･1勝,8,6.651534425847863e-05
race_class_name,陣馬特Ｈ･2勝,8,6.651534425847863e-05
race_class_name,木津川特･2勝,8,6.651534425847863e-05
race_class_name,箱根特別･2勝,8,6.651534425847863e-05
race_class_name,紫川ＳＨ･3勝,8,6.651534425847863e-05
race_class_name,寺泊特別･2勝,8,6.651534425847863e-05
race_class_name,戎橋Ｓ･3勝,8,6.651534425847863e-05
race_class_name,納屋橋特･2勝,8,6.651534425847863e-05
race_class_name,羊ヶ丘特･2勝,8,6.651534425847863e-05
race_class_name,木屋町特･1勝,8,6.651534425847863e-05
race_class_name,美濃特別･2勝,8,6.651534425847863e-05
race_class_name,古都Ｓ･3勝,8,6.651534425847863e-05
race_class_name,本栖湖Ｈ･2勝,8,6.651534425847863e-05
race_class_name,境港特別･2勝,8,6.651534425847863e-05
race_class_name,関ケ原Ｈ･3勝,8,6.651534425847863e-05
race_class_name,太秦Ｓ,8,6.651534425847863e-05
race_class_name,甲斐路Ｓ･3勝,8,6.651534425847863e-05
race_class_name,島原特別･2勝,7,5.82009262261688e-05
race_class_name,キングカ･3勝,7,5.82009262261688e-05
race_class_name,本栖湖特･2勝,7,5.82009262261688e-05
race_class_name,遠州灘特･2勝,7,5.82009262261688e-05
race_class_name,ソレイユ,7,5.82009262261688e-05
race_class_name,常滑特別･1勝,6,4.988650819385897e-05
race_class_name,生田特別･1勝,6,4.988650819385897e-05
race_class_name,ききょう,5,4.157209016154914e-05
race_class_name,武田尾特･2勝,5,4.157209016154914e-05
race_class_name,小倉サマJG3,4,3.325767212923931e-05
